<?xml version="1.0" encoding="UTF-8"?><theHarvester><email>'@hostinger.com</email><email>abuse@hostinger.com</email><email>account-recovery@hostinger.com</email><email>domains@hostinger.com</email><email>sales@hostinger.com</email><host>flockcontacts.hostinger.com</host><host>validera.hostinger.com</host><host>autentificar.hostinger.com</host><host>rest-hosting.hostinger.com</host><host>mailstorage-test.hostinger.com</host><host>builder.hostinger.com</host><host>pop.hostinger.com</host><host>validate2.hostinger.com</host><host>cdn.hostinger.com</host><host>validasikan.hostinger.com</host><host>api.hostinger.com</host><host>validate4.hostinger.com</host><host>e.account.hostinger.com</host><host>validieren.hostinger.com</host><host>valider.hostinger.com</host><host>validate6.hostinger.com</host><host>bekraeft.hostinger.com</host><host>apstiprina.hostinger.com</host><host>sso.hostinger.com</host><host>rdns1.hostinger.com</host><host>validate11.hostinger.com</host><host>affiliates.hostinger.com</host><host>nl-files.hostinger.com</host><host>connect.hostinger.com</host><host>help.hostinger.com</host><host>roadmap.hostinger.com</host><host>se.account.hostinger.com</host><host>rdns2.hostinger.com</host><host>validate1.hostinger.com</host><host>pop-mpa.hostinger.com</host><host>status.hostinger.com</host><host>verifikatsiya.hostinger.com</host><host>sql111.hostinger.com</host><host>mx1.hostinger.com</host><host>valideren.hostinger.com</host><host>validaciya.hostinger.com</host><host>statuspage.hostinger.com</host><host>e.email.hostinger.com</host><host>ambassador.hostinger.com</host><host>mobileconfig.mail.hostinger.com</host><host>validate8.hostinger.com</host><host>mail.hostinger.com</host><host>validate3.hostinger.com</host><host>imap.hostinger.com</host><host>validate12.hostinger.com</host><host>cpanel.hostinger.com</host><host>mailer.hostinger.com</host><host>filemanager.hostinger.com</host><host>ns2.hostinger.com</host><host>validate7.hostinger.com</host><host>hpanel.hostinger.com</host><host>uk-files.hostinger.com</host><host>validate5.hostinger.com</host><host>se.email.hostinger.com</host><host>titancontacts.hostinger.com</host><host>any1.hostinger.com</host><host>marketing.hostinger.com</host><host>affs-stats.hostinger.com</host><host>post.hostinger.com</host><host>d.account.hostinger.com</host><host>us-files.hostinger.com</host><host>file-manager.hostinger.com</host><host>ovjeriti.hostinger.com</host><host>smtp-msa.hostinger.com</host><host>stats.hostinger.com</host><host>ns3.hostinger.com</host><host>validare.hostinger.com</host><host>phpmyadmin.hostinger.com</host><host>d.email.hostinger.com</host><host>titancalendar.hostinger.com</host><host>validate10.hostinger.com</host><host>sahkan.hostinger.com</host><host>validere.hostinger.com</host><host>webhooks.hostinger.com</host><host>mx2.hostinger.com</host><host>design.hostinger.com</host><host>potvrzeni.hostinger.com</host><host>vahvista.hostinger.com</host><host>ns4.hostinger.com</host><host>imapproxy-test.hostinger.com</host><host>domains.hostinger.com</host><host>kontroll.hostinger.com</host><host>autenticacion.hostinger.com</host><host>autodiscover.mail.hostinger.com</host><host>flockcalendar.hostinger.com</host><host>autentificacion.hostinger.com</host><host>validate9.hostinger.com</host><host>aktivalas.hostinger.com</host><host>patvirtinti.hostinger.com</host><host>zweryfikuj.hostinger.com</host><host>confirmar.hostinger.com</host><host>sg-files.hostinger.com</host><host>webmail1.hostinger.com</host><host>support.hostinger.com</host><host>validar.hostinger.com</host><host>lt-files.hostinger.com</host><host>ns1.hostinger.com</host><host>convalida.hostinger.com</host><host>potvrdit.hostinger.com</host><host>smtp.hostinger.com</host><host>flockmail.hostinger.com</host><host>payments.hostinger.com</host><host>webmail.hostinger.com</host><host>autoconfig.mail.hostinger.com</host><host>titanmail.hostinger.com</host><host>academy.hostinger.com</host><host>autenticar.hostinger.com</host><host>any2.hostinger.com</host><host>ping.bnk.hostinger.com</host><host>epikurwsi.hostinger.com</host><host>imap-mpa.hostinger.com</host><host>files.hostinger.com</host><host>clcp.hostinger.com</host><host>dogrula.hostinger.com</host><host>webmail1.hostinger.com</host><host>*.hostinger.com.hk</host><host>*.hostinger.com.ua</host><host>*.hostinger.com</host><host>*.hostinger.com.br</host><host>*.hostinger.com.ar</host><host>rdns2.hostinger.com</host><host>any1.hostinger.com</host><host>pop-mpa.hostinger.com</host><host>ns1.hostinger.com</host><host>MX1.hostinger.com</host><host>sql111.hostinger.com</host><host>smtp.hostinger.com</host><host>mx1.hostinger.com</host><host>us-files.hostinger.com</host><host>pop.hostinger.com</host><host>file-manager.hostinger.com</host><host>smtp-msa.hostinger.com</host><host>ns3.hostinger.com</host><host>Connect.hostinger.com</host><host>mx2.hostinger.com</host><host>autoconfig.mail.hostinger.com</host><host>Mx2.hostinger.com</host><host>ns4.hostinger.com</host><host>mobileconfig.mail.hostinger.com</host><host>imapproxy-test.hostinger.com</host><host>any2.hostinger.com</host><host>imap.hostinger.com</host><host>autodiscover.mail.hostinger.com</host><host>rdns1.hostinger.com</host><host>imap-mpa.hostinger.com</host><host>filemanager.hostinger.com</host><host>ns2.hostinger.com</host><host>nl-files.hostinger.com</host><host>MX2.hostinger.com</host><host>connect.hostinger.com</host><host>Mx1.hostinger.com</host><host>sg-files.hostinger.com</host><host>flockcontacts.hostinger.com</host><host>validera.hostinger.com</host><host>rest-hosting.hostinger.com</host><host>autentificar.hostinger.com</host><host>mailstorage-test.hostinger.com</host><host>builder.hostinger.com</host><host>validate2.hostinger.com</host><host>cdn.hostinger.com</host><host>*.hostinger.com.hk</host><host>*.hostinger.com.br</host><host>api.hostinger.com</host><host>validasikan.hostinger.com</host><host>e.account.hostinger.com</host><host>www.flockcalendar.hostinger.com</host><host>validate4.hostinger.com</host><host>valider.hostinger.com</host><host>validieren.hostinger.com</host><host>validate6.hostinger.com</host><host>bekraeft.hostinger.com</host><host>apstiprina.hostinger.com</host><host>sso.hostinger.com</host><host>validate11.hostinger.com</host><host>affiliates.hostinger.com</host><host>www.affiliates.hostinger.com</host><host>*.hostinger.com.ar</host><host>help.hostinger.com</host><host>roadmap.hostinger.com</host><host>se.account.hostinger.com</host><host>validate1.hostinger.com</host><host>status.hostinger.com</host><host>verifikatsiya.hostinger.com</host><host>valideren.hostinger.com</host><host>validaciya.hostinger.com</host><host>statuspage.hostinger.com</host><host>e.email.hostinger.com</host><host>ambassador.hostinger.com</host><host>validate8.hostinger.com</host><host>mail.hostinger.com</host><host>validate3.hostinger.com</host><host>www.marketing.hostinger.com</host><host>cpanel.hostinger.com</host><host>validate12.hostinger.com</host><host>mailer.hostinger.com</host><host>validate7.hostinger.com</host><host>hpanel.hostinger.com</host><host>validate5.hostinger.com</host><host>se.email.hostinger.com</host><host>titancontacts.hostinger.com</host><host>affs-stats.hostinger.com</host><host>marketing.hostinger.com</host><host>d.account.hostinger.com</host><host>ovjeriti.hostinger.com</host><host>stats.hostinger.com</host><host>validare.hostinger.com</host><host>phpmyadmin.hostinger.com</host><host>d.email.hostinger.com</host><host>titancalendar.hostinger.com</host><host>webhooks.hostinger.com</host><host>sahkan.hostinger.com</host><host>validate10.hostinger.com</host><host>validere.hostinger.com</host><host>design.hostinger.com</host><host>www.hostinger.com</host><host>potvrzeni.hostinger.com</host><host>vahvista.hostinger.com</host><host>imapproxy-test.hostinger.com</host><host>domains.hostinger.com</host><host>rvlclick.hostinger.com</host><host>kontroll.hostinger.com</host><host>autenticacion.hostinger.com</host><host>*.hostinger.com.ua</host><host>flockcalendar.hostinger.com</host><host>www.roadmap.hostinger.com</host><host>autentificacion.hostinger.com</host><host>validate9.hostinger.com</host><host>aktivalas.hostinger.com</host><host>patvirtinti.hostinger.com</host><host>zweryfikuj.hostinger.com</host><host>confirmar.hostinger.com</host><host>www.titanmail.hostinger.com</host><host>webmail1.hostinger.com</host><host>support.hostinger.com</host><host>www.flockmail.hostinger.com</host><host>validar.hostinger.com</host><host>www.titancalendar.hostinger.com</host><host>convalida.hostinger.com</host><host>potvrdit.hostinger.com</host><host>flockmail.hostinger.com</host><host>payments.hostinger.com</host><host>webmail.hostinger.com</host><host>titanmail.hostinger.com</host><host>academy.hostinger.com</host><host>www.titancontacts.hostinger.com</host><host>autenticar.hostinger.com</host><host>www.flockcontacts.hostinger.com</host><host>ping.bnk.hostinger.com</host><host>epikurwsi.hostinger.com</host><host>dogrula.hostinger.com</host><host><ip>91.107.121.9</ip><hostname>easydeploy111.hostinger.com</hostname></host><host><ip>217.196.51.168</ip><hostname>rdns2.hostinger.com</hostname></host><host><ip>31.220.23.1</ip><hostname>ns2.hostinger.com</hostname></host><host><ip>162.159.25.21</ip><hostname>any2.hostinger.com</hostname></host><host><ip>34.192.233.193</ip><hostname>post.hostinger.com</hostname></host><host><ip>2.57.90.10</ip><hostname>rdns2.hostinger.com</hostname></host><host><ip>185.12.95.221</ip><hostname>srv753.hostinger.com</hostname></host><host><ip>185.12.94.26</ip><hostname>srv849.hostinger.com</hostname></host><host><ip>153.92.3.211</ip><hostname>mailstorage-test.hostinger.com</hostname></host><host><ip>45.15.25.141</ip><hostname>rdns1.hostinger.com</hostname></host><host><ip>138.128.191.100</ip><hostname>mx1.hostinger.com</hostname></host><host><ip>172.65.188.64</ip><hostname>pop.hostinger.com</hostname></host><host><ip>145.14.159.34</ip><hostname>filemanager.hostinger.com</hostname></host><host><ip>145.14.155.4</ip><hostname>ns4.hostinger.com</hostname></host><host><ip>162.159.24.189</ip><hostname>any1.hostinger.com</hostname></host><host><ip>31.170.163.241</ip><hostname>ns1.hostinger.com</hostname></host><host><ip>202.79.26.15</ip><hostname>mx2.hostinger.com</hostname></host><host><ip>35.201.91.50</ip><hostname>imap-mpa.hostinger.com</hostname></host><host><ip>35.201.91.50</ip><hostname>pop-mpa.hostinger.com</hostname></host><host><ip>185.232.171.30</ip><hostname>srv877.hostinger.com</hostname></host><host><ip>172.65.182.103</ip><hostname>mx2.hostinger.com</hostname></host><host><ip>34.120.137.41</ip><hostname>connect.hostinger.com</hostname></host><host><ip>153.92.2.12</ip><hostname>files.hostinger.com</hostname></host><host><ip>162.159.26.167</ip><hostname>rdns1.hostinger.com</hostname></host><host><ip>153.92.2.19</ip><hostname>autodiscover.mail.hostinger.com</hostname></host><host><ip>172.65.188.64</ip><hostname>imap.hostinger.com</hostname></host><host><ip>34.149.172.184</ip><hostname>rvlclick.hostinger.com</hostname></host><host><ip>172.65.182.103</ip><hostname>mx1.hostinger.com</hostname></host><host><ip>34.120.137.41</ip><hostname>Connect.hostinger.com</hostname></host><host><ip>172.65.255.143</ip><hostname>smtp.hostinger.com</hostname></host><host><ip>178.16.131.90</ip><hostname>ns1.tpt.hostinger.com</hostname></host><host><ip>153.92.2.19</ip><hostname>autoconfig.mail.hostinger.com</hostname></host><host><ip>191.101.235.239</ip><hostname>dns.hostinger.com</hostname></host><host><ip>45.90.220.144</ip><hostname>ec2-54-243-154-49.hostinger.com</hostname></host><host><ip>194.5.158.237</ip><hostname>ns3.hostinger.com</hostname></host><host><ip>31.170.164.249</ip><hostname>ns4.hostinger.com</hostname></host><host><ip>91.201.42.183</ip><hostname>srv751.hostinger.com</hostname></host><host><ip>92.63.193.250</ip><hostname>devzone414.hostinger.com</hostname></host><host><ip>185.221.154.13</ip><hostname>srv807.hostinger.com</hostname></host><host><ip>2a02:4780::a</ip><hostname>files.hostinger.com</hostname></host><host><ip>hostinger.hasoffers.com</ip><hostname>affiliates.hostinger.com</hostname></host><host><ip>153.92.2.19</ip><hostname>AUtoCoNfig.mail.hostinger.com</hostname></host><host><ip>cp.myorderbox.com.</ip><hostname>zweryfikuj.hostinger.com</hostname></host><host><ip>153.92.2.19</ip><hostname>autodiscover.mAIl.hostinger.com</hostname></host><host><ip>34.120.137.41</ip><hostname>cOnnECT.hostinger.com</hostname></host><host><ip>153.92.2.19</ip><hostname>autodiscover.MaIl.hostinger.com</hostname></host><host><ip>mail.hostinger.com.cdn.cloudflare.net</ip><hostname>mail.hostinger.com</hostname></host><host><ip>www.hostinger.com.cdn.cloudflare.net</ip><hostname>www.hostinger.com</hostname></host><host><ip>srv135.main-hosting.eu</ip><hostname>auth-db135.hostinger.com</hostname></host><host><ip>srv210.main-hosting.eu</ip><hostname>auth-db210.hostinger.com</hostname></host><host><ip>195.137.201.54</ip><hostname>clcp.hostinger.com</hostname></host><host><ip>185.28.20.8</ip><hostname>server42.hostinger.com</hostname></host><host><ip>195.137.201.54</ip><hostname>server51.hostinger.com</hostname></host><host><ip>srv242.main-hosting.eu</ip><hostname>auth-db242.hostinger.com</hostname></host><host><ip>31.170.164.23</ip><hostname>server8.hostinger.com</hostname></host><host><ip>31.170.164.29</ip><hostname>server20.hostinger.com</hostname></host><host><ip>153.92.2.19</ip><hostname>autoconfig.mail.hostinger.com</hostname></host><host><ip>31.170.166.19</ip><hostname>server15.hostinger.com</hostname></host><host><ip>srv95.main-hosting.eu</ip><hostname>auth-db95.hostinger.com</hostname></host><host><ip>2a02:4780::d</ip><hostname>AutOdiscOvEr.mail.hostinger.com</hostname></host><host><ip>autodiscover.hostinger.com.cdn.cloudflare.net</ip><hostname>autodiscover.hostinger.com</hostname></host><host><ip>2a02:4780::d</ip><hostname>autodiscover.mail.hostinger.com</hostname></host><host><ip>31.170.164.4</ip><hostname>file-manager.hostinger.com</hostname></host><host><ip>cp.myorderbox.com</ip><hostname>verifikatsiya.hostinger.com</hostname></host><host><ip>cp.myorderbox.com.</ip><hostname>validasikan.hostinger.com</hostname></host><host><ip>153.92.2.19</ip><hostname>autoconfig.MaIl.hostinger.com</hostname></host><host><ip>d301w8ngbyrc4z.cloudfront.net.</ip><hostname>flockcontacts.hostinger.com</hostname></host><host><ip>imap-mpa.hostinger.com</ip><hostname>imap.hostinger.com</hostname></host><host><ip>93.90.93.22</ip><hostname>connect.hostinger.com</hostname></host><host><ip>help.hostinger.com.cdn.cloudflare.net</ip><hostname>help.hostinger.com</hostname></host><host><ip>2600:1901:0:84ef::</ip><hostname>COnNECt.hostinger.com</hostname></host><host><ip>hostinger.hasoffers.com.</ip><hostname>affiliates.hostinger.com</hostname></host><host><ip>rest-hosting.hostinger.com.cdn.cloudflare.net</ip><hostname>rest-hosting.hostinger.com</hostname></host><host><ip>cdn.hostinger.com.cdn.cloudflare.net</ip><hostname>cdn.hostinger.com</hostname></host><host><ip>2a02:4780::b</ip><hostname>files.hostinger.com</hostname></host><host><ip>2a02:4780::d</ip><hostname>aUTodisCoVeR.mail.hostinger.com</hostname></host><host><ip>34.120.137.41</ip><hostname>cONnecT.hostinger.com</hostname></host><host><ip>153.92.2.19</ip><hostname>autoconFIg.mail.hostinger.com</hostname></host><host><ip>2a02:4780::d</ip><hostname>autoconfig.mAil.hostinger.com</hostname></host><host><ip>2606:4700:90:0:c1f8:f874:2386:b61f</ip><hostname>mx1.hostinger.com</hostname></host><host><ip>153.92.2.19</ip><hostname>autoconfig.mAil.hostinger.com</hostname></host><host><ip>153.92.2.19</ip><hostname>AUTOConFIG.mail.hostinger.com</hostname></host><host><ip>srv137.main-hosting.eu</ip><hostname>files137.hostinger.com</hostname></host><host><ip>153.92.2.19</ip><hostname>autoDisCovEr.maIL.hostinger.com</hostname></host><host><ip>2a02:4780::d</ip><hostname>autodiscover.MAIL.hostinger.com</hostname></host><host><ip>2.57.90.58</ip><hostname>ClCp.hostinger.com</hostname></host><host><ip>srv217.main-hosting.eu</ip><hostname>auth-db217.hostinger.com</hostname></host><host><ip>185.224.136.6</ip><hostname>mx1.hostinger.com</hostname></host><host><ip>webmail.hostinger.com.cdn.cloudflare.net.</ip><hostname>webmail.hostinger.com</hostname></host><host><ip>cp.myorderbox.com</ip><hostname>autenticacion.hostinger.com</hostname></host><host><ip>2a02:4780::d</ip><hostname>AUToDIscOver.mail.hostinger.com</hostname></host><host><ip>srv336.main-hosting.eu</ip><hostname>auth-db336.hostinger.com</hostname></host><host><ip>dgifg82nvmiv0.cloudfront.net.</ip><hostname>www.titanmail.hostinger.com</hostname></host><host><ip>cp.myorderbox.com.</ip><hostname>validate10.hostinger.com</hostname></host><host><ip>153.92.2.11</ip><hostname>files.hostinger.com</hostname></host><host><ip>srv259.main-hosting.eu</ip><hostname>auth-db259.hostinger.com</hostname></host><host><ip>2600:1901:0:e3c6::</ip><hostname>smtp-msa.hostinger.com</hostname></host><host><ip>2a02:4780:8:6::1ce</ip><hostname>ns3.hostinger.com</hostname></host><host><ip>cp.myorderbox.com</ip><hostname>validate9.hostinger.com</hostname></host><host><ip>153.92.2.19</ip><hostname>AuTOcOnFiG.mail.hostinger.com</hostname></host><host><ip>34.120.137.41</ip><hostname>coNNecT.hostinger.com</hostname></host><host><ip>srv177.main-hosting.eu</ip><hostname>auth-db177.hostinger.com</hostname></host><host><ip>srv136.main-hosting.eu</ip><hostname>files136.hostinger.com</hostname></host><host><ip>195.137.201.54</ip><hostname>autoconfig.mail.hostinger.com</hostname></host><host><ip>109.71.197.10</ip><hostname>connect.hostinger.com</hostname></host><host><ip>153.92.2.19</ip><hostname>AuToConfiG.mail.hostinger.com</hostname></host><host><ip>80.249.178.190</ip><hostname>autodiscover.mail.hostinger.com</hostname></host><host><ip>153.92.2.19</ip><hostname>autodiscover.MAIL.hostinger.com</hostname></host><host><ip>cp-2.myorderbox.com.</ip><hostname>validate12.hostinger.com</hostname></host><host><ip>srv136.main-hosting.eu.</ip><hostname>files136.hostinger.com</hostname></host><host><ip>153.92.2.19</ip><hostname>aUtoConFig.mail.hostinger.com</hostname></host><host><ip>webmail.hostinger.com.cdn.cloudflare.net</ip><hostname>webmail.hostinger.com</hostname></host><host><ip>2a02:4780::d</ip><hostname>aUTodIscovEr.MAiL.hostinger.com</hostname></host><host><ip>cp.myorderbox.com.</ip><hostname>validar.hostinger.com</hostname></host><host><ip>d45lbewyftmu2.cloudfront.net.</ip><hostname>flockcalendar.hostinger.com</hostname></host><host><ip>phpmyadmin.hostinger.com.cdn.cloudflare.net.</ip><hostname>phpmyadmin.hostinger.com</hostname></host><host><ip>195.128.72.3</ip><hostname>autodiscover.mail.hostinger.com</hostname></host><host><ip>imap-mpa.hostinger.com.</ip><hostname>imap.hostinger.com</hostname></host><host><ip>2a02:4780:1:7::c</ip><hostname>ns1.hostinger.com</hostname></host><host><ip>srv64.main-hosting.eu</ip><hostname>files64.hostinger.com</hostname></host><host><ip>153.92.2.19</ip><hostname>autodiscover.MaIL.hostinger.com</hostname></host><host><ip>dgifg82nvmiv0.cloudfront.net</ip><hostname>titanmail.hostinger.com</hostname></host><host><ip>cpanel.hostinger.com.cdn.cloudflare.net.</ip><hostname>cpanel.hostinger.com</hostname></host><host><ip>cp.myorderbox.com.</ip><hostname>ovjeriti.hostinger.com</hostname></host><host><ip>cp.myorderbox.com</ip><hostname>validieren.hostinger.com</hostname></host><host><ip>2600:1901:0:2d0b::</ip><hostname>mx1.hostinger.com</hostname></host><host><ip>2a02:4780::d</ip><hostname>AUTOConFIG.mail.hostinger.com</hostname></host><host><ip>srv326.main-hosting.eu</ip><hostname>auth-db326.hostinger.com</hostname></host><host><ip>195.137.201.54</ip><hostname>cpanel.hostinger.com</hostname></host><host><ip>153.92.2.19</ip><hostname>autoCOnfiG.mail.hostinger.com</hostname></host><host><ip>srv209.main-hosting.eu</ip><hostname>auth-db209.hostinger.com</hostname></host><host><ip>srv174.main-hosting.eu</ip><hostname>files174.hostinger.com</hostname></host><host><ip>177.234.153.29</ip><hostname>server99.hostinger.com</hostname></host><host><ip>d45lbewyftmu2.cloudfront.net</ip><hostname>www.flockcalendar.hostinger.com</hostname></host><host><ip>93.90.93.22</ip><hostname>autodiscover.mail.hostinger.com</hostname></host><host><ip>2a02:4780::d</ip><hostname>AUtoConFig.MAIL.hostinger.com</hostname></host><host><ip>153.92.2.19</ip><hostname>auTODisCoVEr.mail.hostinger.com</hostname></host><host><ip>cp.myorderbox.com</ip><hostname>validate3.hostinger.com</hostname></host><host><ip>cp.myorderbox.com</ip><hostname>validasikan.hostinger.com</hostname></host><host><ip>cp.myorderbox.com.</ip><hostname>sahkan.hostinger.com</hostname></host><host><ip>srv111.main-hosting.eu</ip><hostname>auth-db111.hostinger.com</hostname></host><host><ip>d2tlspd492hxye.cloudfront.net.</ip><hostname>flockmail.hostinger.com</hostname></host><host><ip>srv129.main-hosting.eu</ip><hostname>files129.hostinger.com</hostname></host><host><ip>srv138.main-hosting.eu</ip><hostname>files138.hostinger.com</hostname></host><host><ip>srv186.main-hosting.eu</ip><hostname>auth-db186.hostinger.com</hostname></host><host><ip>cp.myorderbox.com</ip><hostname>validare.hostinger.com</hostname></host><host><ip>cfdist029.rankingcoach.com.</ip><hostname>marketing.hostinger.com</hostname></host><host><ip>support.hostinger.com.cdn.cloudflare.net</ip><hostname>support.hostinger.com</hostname></host><host><ip>64:ff9b::2278:8929</ip><hostname>connect.hostinger.com</hostname></host><host><ip>109.71.197.10</ip><hostname>autodiscover.mail.hostinger.com</hostname></host><host><ip>srv247.main-hosting.eu</ip><hostname>auth-db247.hostinger.com</hostname></host><host><ip>dgifg82nvmiv0.cloudfront.net.</ip><hostname>titanmail.hostinger.com</hostname></host><host><ip>autoconfig.hostinger.com.cdn.cloudflare.net</ip><hostname>auToConfIG.hostinger.com</hostname></host><host><ip>srv250.main-hosting.eu</ip><hostname>auth-db250.hostinger.com</hostname></host><host><ip>db5la265d8jk1.cloudfront.net</ip><hostname>titancontacts.hostinger.com</hostname></host><host><ip>2a02:4780::d</ip><hostname>autodiscover.MAiL.hostinger.com</hostname></host><host><ip>whois.myorderbox.com</ip><hostname>whois.hostinger.com</hostname></host><host><ip>34.120.137.41</ip><hostname>cONneCt.hostinger.com</hostname></host><host><ip>cp.myorderbox.com.</ip><hostname>validare.hostinger.com</hostname></host><host><ip>2400:cb00:2049:1::a29f:1b51</ip><hostname>rdns1.hostinger.com</hostname></host><host><ip>77.94.164.71</ip><hostname>autodiscover.mail.hostinger.com</hostname></host><host><ip>cp.myorderbox.com.</ip><hostname>validate9.hostinger.com</hostname></host><host><ip>194.247.185.251</ip><hostname>clcp.hostinger.com</hostname></host><host><ip>rest-hosting.hostinger.com.cdn.cloudflare.net.</ip><hostname>rest-hosting.hostinger.com</hostname></host><host><ip>srv129.main-hosting.eu.</ip><hostname>files129.hostinger.com</hostname></host><host><ip>2a02:4780::d</ip><hostname>AuToConfiG.mail.hostinger.com</hostname></host><host><ip>cp.myorderbox.com.</ip><hostname>validate12.hostinger.com</hostname></host><host><ip>46.17.174.18</ip><hostname>lt-files.hostinger.com</hostname></host><host><ip>srv127.main-hosting.eu</ip><hostname>files127.hostinger.com</hostname></host><host><ip>stats.uptimerobot.com</ip><hostname>affs-stats.hostinger.com</hostname></host><host><ip>cp.myorderbox.com</ip><hostname>validar.hostinger.com</hostname></host><host><ip>2a02:4780::d</ip><hostname>aUtoConFig.mail.hostinger.com</hostname></host><host><ip>93.174.131.38</ip><hostname>clcp.hostinger.com</hostname></host><host><ip>srv393.main-hosting.eu</ip><hostname>auth-db393.hostinger.com</hostname></host><host><ip>domains.hostinger.com.cdn.cloudflare.net</ip><hostname>domains.hostinger.com</hostname></host><host><ip>autoconfig.hostinger.com.cdn.cloudflare.net</ip><hostname>aUToConFIg.hostinger.com</hostname></host><host><ip>94.243.128.10</ip><hostname>connect.hostinger.com</hostname></host><host><ip>198.51.100.254</ip><hostname>autodiscover.mail.hostinger.com</hostname></host><host><ip>stats.uptimerobot.com.</ip><hostname>affs-stats.hostinger.com</hostname></host><host><ip>34.120.137.41</ip><hostname>connect.hostinger.com</hostname></host><host><ip>34.149.19.242</ip><hostname>mx1.hostinger.com</hostname></host><host><ip>smtp-msa.hostinger.com</ip><hostname>smtp.hostinger.com</hostname></host><host><ip>srv190.main-hosting.eu</ip><hostname>auth-db190.hostinger.com</hostname></host><host><ip>153.92.2.19</ip><hostname>AUTOdiScOver.mail.hostinger.com</hostname></host><host><ip>domains.hostinger.com.cdn.cloudflare.net.</ip><hostname>domains.hostinger.com</hostname></host><host><ip>srv204.main-hosting.eu</ip><hostname>auth-db204.hostinger.com</hostname></host><host><ip>cp.myorderbox.com</ip><hostname>dogrula.hostinger.com</hostname></host><host><ip>2a02:4780::d</ip><hostname>autoConFig.mAil.hostinger.com</hostname></host><host><ip>153.92.2.19</ip><hostname>AUtoConFig.MAIL.hostinger.com</hostname></host><host><ip>autoconfig.hostinger.com.cdn.cloudflare.net.</ip><hostname>aUToConFIg.hostinger.com</hostname></host><host><ip>api.hostinger.com.cdn.cloudflare.net.</ip><hostname>api.hostinger.com</hostname></host><host><ip>mail.hostinger.com.cdn.cloudflare.net.</ip><hostname>MAiL.hostinger.com</hostname></host><host><ip>2a02:4780::d</ip><hostname>autodiscover.MaIl.hostinger.com</hostname></host><host><ip>2a02:4780:1:3::21</ip><hostname>ns1.hostinger.com</hostname></host><host><ip>2a02:4780:a:3::e</ip><hostname>ns2.hostinger.com</hostname></host><host><ip>34.120.137.41</ip><hostname>conNect.hostinger.com</hostname></host><host><ip>webhooks.hostinger.com.cdn.cloudflare.net</ip><hostname>webhooks.hostinger.com</hostname></host><host><ip>2a02:4780::d</ip><hostname>autodiscover.MAIl.hostinger.com</hostname></host><host><ip>dgifg82nvmiv0.cloudfront.net</ip><hostname>www.titanmail.hostinger.com</hostname></host><host><ip>31.170.164.22</ip><hostname>server7.hostinger.com</hostname></host><host><ip>2600:1901:0:84ef::</ip><hostname>CONnECT.hostinger.com</hostname></host><host><ip>198.51.100.254</ip><hostname>connect.hostinger.com</hostname></host><host><ip>31.170.164.249</ip><hostname>ns4.hostinger.com</hostname></host><host><ip>153.92.2.19</ip><hostname>AuTOdIScOVER.mail.hostinger.com</hostname></host><host><ip>162.159.25.21</ip><hostname>any2.hostinger.com</hostname></host><host><ip>cp.myorderbox.com</ip><hostname>validate2.hostinger.com</hostname></host><host><ip>webmail1.hostinger.com.cdn.cloudflare.net.</ip><hostname>webmail1.hostinger.com</hostname></host><host><ip>93.170.218.254</ip><hostname>autodiscover.mail.hostinger.com</hostname></host><host><ip>62.173.139.234</ip><hostname>autodiscover.mail.hostinger.com</hostname></host><host><ip>2a02:4780::d</ip><hostname>autodiscover.mAIL.hostinger.com</hostname></host><host><ip>31.220.19.41</ip><hostname>us-files.hostinger.com</hostname></host><host><ip>81.26.129.23</ip><hostname>autoconfig.mail.hostinger.com</hostname></host><host><ip>cp.myorderbox.com</ip><hostname>validate12.hostinger.com</hostname></host><host><ip>194.5.158.86</ip><hostname>rdns1.hostinger.com</hostname></host><host><ip>3.218.134.115</ip><hostname>post.hostinger.com</hostname></host><host><ip>cp.myorderbox.com</ip><hostname>validate10.hostinger.com</hostname></host><host><ip>api.elasticemail.com.</ip><hostname>tracking.hostinger.com</hostname></host><host><ip>2a02:4780::d</ip><hostname>AuTOdIScOVER.mail.hostinger.com</hostname></host><host><ip>2a02:4780::d</ip><hostname>autoconfig.mail.hostinger.com</hostname></host><host><ip>153.92.2.19</ip><hostname>autodiscover.mAIL.hostinger.com</hostname></host><host><ip>156.67.223.26</ip><hostname>sg-files.hostinger.com</hostname></host><host><ip>www.hostinger.com.cdn.cloudflare.net.</ip><hostname>www.hostinger.com</hostname></host><host><ip>pop-mpa.hostinger.com.</ip><hostname>pop.hostinger.com</hostname></host><host><ip>172.65.182.103</ip><hostname>mx1.hostinger.com</hostname></host><host><ip>2a02:4780::d</ip><hostname>autoconFIg.mail.hostinger.com</hostname></host><host><ip>payments.hostinger.com.cdn.cloudflare.net.</ip><hostname>payments.hostinger.com</hostname></host><host><ip>srv152.main-hosting.eu</ip><hostname>auth-db152.hostinger.com</hostname></host><host><ip>sso.hostinger.com.cdn.cloudflare.net.</ip><hostname>sso.hostinger.com</hostname></host><host><ip>2600:1901:0:a1a5::</ip><hostname>mx2.hostinger.com</hostname></host><host><ip>mail.hostinger.com.cdn.cloudflare.net</ip><hostname>MAiL.hostinger.com</hostname></host><host><ip>62.173.139.234</ip><hostname>clcp.hostinger.com</hostname></host><host><ip>2600:1901:0:84ef::</ip><hostname>connect.hostinger.com</hostname></host><host><ip>statuspage.hostinger.com.cdn.cloudflare.net</ip><hostname>statuspage.hostinger.com</hostname></host><host><ip>153.92.2.19</ip><hostname>aUtodISCovEr.mail.hostinger.com</hostname></host><host><ip>31.220.23.1</ip><hostname>ns2.hostinger.com</hostname></host><host><ip>webhooks.hostinger.com.cdn.cloudflare.net.</ip><hostname>webhooks.hostinger.com</hostname></host><host><ip>autoconfig.hostinger.com.cdn.cloudflare.net.</ip><hostname>autoconfig.hostinger.com</hostname></host><host><ip>185.242.116.118</ip><hostname>autodiscover.mail.hostinger.com</hostname></host><host><ip>srv482.main-hosting.eu</ip><hostname>auth-db482.hostinger.com</hostname></host><host><ip>172.65.188.64</ip><hostname>pop.hostinger.com</hostname></host><host><ip>mailer.hostinger.com.cdn.cloudflare.net.</ip><hostname>mailer.hostinger.com</hostname></host><host><ip>d358fu4p2u8z2a.cloudfront.net</ip><hostname>www.titancalendar.hostinger.com</hostname></host><host><ip>cpanel.hostinger.com.cdn.cloudflare.net</ip><hostname>cpanel.hostinger.com</hostname></host><host><ip>153.92.2.19</ip><hostname>AUtoDISCOver.MaIl.hostinger.com</hostname></host><host><ip>195.137.201.54</ip><hostname>mx1.hostinger.com</hostname></host><host><ip>89.250.214.194</ip><hostname>autodiscover.mail.hostinger.com</hostname></host><host><ip>2606:4700::6812:7164</ip><hostname>webmail.hostinger.com</hostname></host><host><ip>153.92.2.19</ip><hostname>autoconfig.MAiL.hostinger.com</hostname></host><host><ip>195.137.201.54</ip><hostname>autodiscover.mail.hostinger.com</hostname></host><host><ip>31.220.104.131</ip><hostname>server98.hostinger.com</hostname></host><host><ip>srv308.main-hosting.eu</ip><hostname>auth-db308.hostinger.com</hostname></host><host><ip>support.hostinger.com.cdn.cloudflare.net.</ip><hostname>support.hostinger.com</hostname></host><host><ip>srv167.main-hosting.eu</ip><hostname>auth-db167.hostinger.com</hostname></host><host><ip>153.92.2.19</ip><hostname>aUtoDIsCover.mail.hostinger.com</hostname></host><host><ip>153.92.2.19</ip><hostname>autodiscover.Mail.hostinger.com</hostname></host><host><ip>srv8.main-hosting.eu</ip><hostname>db8.hostinger.com</hostname></host><host><ip>153.92.2.19</ip><hostname>autodiscover.MAiL.hostinger.com</hostname></host><host><ip>2600:1901:0:84ef::</ip><hostname>connEcT.hostinger.com</hostname></host><host><ip>cp.myorderbox.com</ip><hostname>validate1.hostinger.com</hostname></host><host><ip>srv143.main-hosting.eu</ip><hostname>auth-db143.hostinger.com</hostname></host><host><ip>2600:1901:0:84ef::</ip><hostname>CONnECt.hostinger.com</hostname></host><host><ip>2606:4700:90:0:f225:a1af:129b:4ba1</ip><hostname>smtp.hostinger.com</hostname></host><host><ip>srv162.main-hosting.eu</ip><hostname>files162.hostinger.com</hostname></host><host><ip>89.250.214.194</ip><hostname>clcp.hostinger.com</hostname></host><host><ip>2a02:4780::d</ip><hostname>autoconfig.MaIl.hostinger.com</hostname></host><host><ip>153.92.2.19</ip><hostname>aUToDIsCovER.mAIL.hostinger.com</hostname></host><host><ip>statuspage.hostinger.com.cdn.cloudflare.net.</ip><hostname>statuspage.hostinger.com</hostname></host><host><ip>2a02:4780::d</ip><hostname>aUTodiScOveR.mail.hostinger.com</hostname></host><host><ip>2a02:4780::d</ip><hostname>aUtodISCovEr.mail.hostinger.com</hostname></host><host><ip>62.173.139.234</ip><hostname>connect.hostinger.com</hostname></host><host><ip>srv130.main-hosting.eu</ip><hostname>auth-db130.hostinger.com</hostname></host><host><ip>2400:cb00:2049:1::a29f:1915</ip><hostname>any2.hostinger.com</hostname></host><host><ip>cp.myorderbox.com</ip><hostname>autentificar.hostinger.com</hostname></host><host><ip>80.249.178.190</ip><hostname>connect.hostinger.com</hostname></host><host><ip>smtp-msa.hostinger.com.</ip><hostname>smtp.hostinger.com</hostname></host><host><ip>2a02:4780:8::1a</ip><hostname>mx1.hostinger.com</hostname></host><host><ip>phpmyadmin.hostinger.com.cdn.cloudflare.net</ip><hostname>phpmyadmin.hostinger.com</hostname></host><host><ip>cp.myorderbox.com</ip><hostname>zweryfikuj.hostinger.com</hostname></host><host><ip>srv77.main-hosting.eu</ip><hostname>auth-db77.hostinger.com</hostname></host><host><ip>srv447.main-hosting.eu</ip><hostname>auth-db447.hostinger.com</hostname></host><host><ip>2400:cb00:2049:1::a29f:1aa7</ip><hostname>rdns1.hostinger.com</hostname></host><host><ip>145.14.159.241</ip><hostname>mx1.hostinger.com</hostname></host><host><ip>api.hostinger.com.cdn.cloudflare.net</ip><hostname>api.hostinger.com</hostname></host><host><ip>d2tlspd492hxye.cloudfront.net</ip><hostname>www.flockmail.hostinger.com</hostname></host><host><ip>34.120.137.41</ip><hostname>COnNECt.hostinger.com</hostname></host><host><ip>153.92.2.19</ip><hostname>aUtODIscOvER.MaIl.hostinger.com</hostname></host><host><ip>2a02:4780::d</ip><hostname>AUtODisCoVeR.MAiL.hostinger.com</hostname></host><host><ip>cp.myorderbox.com</ip><hostname>validate4.hostinger.com</hostname></host><host><ip>d301w8ngbyrc4z.cloudfront.net</ip><hostname>www.flockcontacts.hostinger.com</hostname></host><host><ip>34.120.137.41</ip><hostname>Connect.hostinger.com</hostname></host><host><ip>2a02:4780::d</ip><hostname>autodiscover.mAil.hostinger.com</hostname></host><host><ip>cp.myorderbox.com</ip><hostname>sahkan.hostinger.com</hostname></host><host><ip>2a02:4780::d</ip><hostname>autodiscover.Mail.hostinger.com</hostname></host><host><ip>2a02:4780:a:c0de::40</ip><hostname>ns4.hostinger.com</hostname></host><host><ip>2a02:4780::d</ip><hostname>AuTOcOnFiG.mail.hostinger.com</hostname></host><host><ip>31.220.110.67</ip><hostname>server14.hostinger.com</hostname></host><host><ip>srv127.main-hosting.eu</ip><hostname>auth-db127.hostinger.com</hostname></host><host><ip>hpanel.hostinger.com.cdn.cloudflare.net.</ip><hostname>hpanel.hostinger.com</hostname></host><host><ip>srv174.main-hosting.eu.</ip><hostname>files174.hostinger.com</hostname></host><host><ip>2600:1901:0:84ef::</ip><hostname>cONneCt.hostinger.com</hostname></host><host><ip>mail.hostinger.com.cdn.cloudflare.net.</ip><hostname>mail.hostinger.com</hostname></host><host><ip>srv173.main-hosting.eu</ip><hostname>auth-db173.hostinger.com</hostname></host><host><ip>104.18.114.100</ip><hostname>cpanel.hostinger.com</hostname></host><host><ip>145.14.159.34</ip><hostname>filemanager.hostinger.com</hostname></host><host><ip>185.242.116.118</ip><hostname>connect.hostinger.com</hostname></host><host><ip>34.120.137.41</ip><hostname>connEcT.hostinger.com</hostname></host><host><ip>sso.hostinger.com.cdn.cloudflare.net</ip><hostname>sso.hostinger.com</hostname></host><host><ip>mailer.hostinger.com.cdn.cloudflare.net</ip><hostname>mailer.hostinger.com</hostname></host><host><ip>2a02:4780:8:6::42</ip><hostname>mx2.hostinger.com</hostname></host><host><ip>srv276.main-hosting.eu</ip><hostname>auth-db276.hostinger.com</hostname></host><host><ip>35.201.91.50</ip><hostname>imap-mpa.hostinger.com</hostname></host><host><ip>cp.myorderbox.com</ip><hostname>validaciya.hostinger.com</hostname></host><host><ip>172.65.182.103</ip><hostname>mx2.hostinger.com</hostname></host><host><ip>81.26.129.23</ip><hostname>autodiscover.mail.hostinger.com</hostname></host><host><ip>2a02:4780:8::1a</ip><hostname>mx2.hostinger.com</hostname></host><host><ip>93.170.218.254</ip><hostname>connect.hostinger.com</hostname></host><host><ip>2a02:4780::d</ip><hostname>aUtoDIsCover.mail.hostinger.com</hostname></host><host><ip>assets.hostinger.com.cdn.cloudflare.net.</ip><hostname>assets.hostinger.com</hostname></host><host><ip>cdn.hostinger.com.cdn.cloudflare.net.</ip><hostname>cdn.hostinger.com</hostname></host><host><ip>153.92.2.19</ip><hostname>AUtODisCoVeR.MAiL.hostinger.com</hostname></host><host><ip>2a02:4780::d</ip><hostname>aUTOdIsCover.mail.hostinger.com</hostname></host><host><ip>assets.hostinger.com.cdn.cloudflare.net</ip><hostname>assets.hostinger.com</hostname></host><host><ip>srv142.main-hosting.eu</ip><hostname>auth-db142.hostinger.com</hostname></host><host><ip>153.92.2.19</ip><hostname>autodiscover.maIL.hostinger.com</hostname></host><host><ip>2a02:4780::d</ip><hostname>AUToDiscOVER.mail.hostinger.com</hostname></host><host><ip>2606:4700:90:0:4bc4:2557:ca17:2529</ip><hostname>pop.hostinger.com</hostname></host><host><ip>31.220.16.181</ip><hostname>server63.hostinger.com</hostname></host><host><ip>153.92.2.19</ip><hostname>AUToDiscOVER.mail.hostinger.com</hostname></host><host><ip>srv356.main-hosting.eu</ip><hostname>auth-db356.hostinger.com</hostname></host><host><ip>cp.myorderbox.com.</ip><hostname>autentificar.hostinger.com</hostname></host><host><ip>93.174.131.38</ip><hostname>autoconfig.mail.hostinger.com</hostname></host><host><ip>153.92.2.19</ip><hostname>AuTodISCOveR.MAIL.hostinger.com</hostname></host><host><ip>2606:4700::6812:7264</ip><hostname>webmail.hostinger.com</hostname></host><host><ip>145.14.159.241</ip><hostname>mx2.hostinger.com</hostname></host><host><ip>d45lbewyftmu2.cloudfront.net</ip><hostname>flockcalendar.hostinger.com</hostname></host><host><ip>cfdist029.rankingcoach.com</ip><hostname>marketing.hostinger.com</hostname></host><host><ip>srv145.main-hosting.eu</ip><hostname>auth-db145.hostinger.com</hostname></host><host><ip>153.92.2.19</ip><hostname>aUtODisCoVEr.maiL.hostinger.com</hostname></host><host><ip>127.0.0.2</ip><hostname>academy.hostinger.com</hostname></host><host><ip>builder.hostinger.com.cdn.cloudflare.net.</ip><hostname>builder.hostinger.com</hostname></host><host><ip>db5la265d8jk1.cloudfront.net.</ip><hostname>www.titancontacts.hostinger.com</hostname></host><host><ip>172.65.188.64</ip><hostname>imap.hostinger.com</hostname></host><host><ip>93.174.131.38</ip><hostname>autodiscover.mail.hostinger.com</hostname></host><host><ip>153.92.2.19</ip><hostname>aUTodIscovEr.MAiL.hostinger.com</hostname></host><host><ip>172.65.255.143</ip><hostname>smtp.hostinger.com</hostname></host><host><ip>64:ff9b::995c:213</ip><hostname>autodiscover.mail.hostinger.com</hostname></host><host><ip>2600:1901:0:84ef::</ip><hostname>CONNECt.hostinger.com</hostname></host><host><ip>webmail1.hostinger.com.cdn.cloudflare.net</ip><hostname>webmail1.hostinger.com</hostname></host><host><ip>194.247.185.251</ip><hostname>connect.hostinger.com</hostname></host><host><ip>srv195.main-hosting.eu</ip><hostname>auth-db195.hostinger.com</hostname></host><host><ip>srv63.main-hosting.eu</ip><hostname>files63.hostinger.com</hostname></host><host><ip>31.170.164.39</ip><hostname>sql4.hostinger.com</hostname></host><host><ip>195.128.72.1</ip><hostname>autodiscover.mail.hostinger.com</hostname></host><host><ip>srv44.main-hosting.eu</ip><hostname>auth-db44.hostinger.com</hostname></host><host><ip>payments.hostinger.com.cdn.cloudflare.net</ip><hostname>payments.hostinger.com</hostname></host><host><ip>builder.hostinger.com.cdn.cloudflare.net</ip><hostname>builder.hostinger.com</hostname></host><host><ip>autoconfig.hostinger.com.cdn.cloudflare.net</ip><hostname>autoconfig.hostinger.com</hostname></host><host><ip>185.28.20.6</ip><hostname>server40.hostinger.com</hostname></host><host><ip>153.92.2.19</ip><hostname>aUTodiScOveR.mail.hostinger.com</hostname></host><host><ip>18.235.76.96</ip><hostname>post.hostinger.com</hostname></host><host><ip>d301w8ngbyrc4z.cloudfront.net.</ip><hostname>www.flockcontacts.hostinger.com</hostname></host><host><ip>153.92.2.19</ip><hostname>aUTodisCoVeR.mail.hostinger.com</hostname></host><host><ip>srv151.main-hosting.eu</ip><hostname>auth-db151.hostinger.com</hostname></host><host><ip>153.92.2.19</ip><hostname>autoConFig.mAil.hostinger.com</hostname></host><host><ip>2a02:4780::d</ip><hostname>auTODisCoVEr.maiL.hostinger.com</hostname></host><host><ip>80.249.178.190</ip><hostname>autoconfig.mail.hostinger.com</hostname></host><host><ip>2606:4700:90:0:c1f8:f874:2386:b61f</ip><hostname>mx2.hostinger.com</hostname></host><host><ip>194.247.185.251</ip><hostname>autodiscover.mail.hostinger.com</hostname></host><host><ip>172.65.255.143</ip><hostname>smtp-msa.hostinger.com</hostname></host><host><ip>2a02:4780::d</ip><hostname>autoCOnfiG.mail.hostinger.com</hostname></host><host><ip>cp.myorderbox.com</ip><hostname>validate7.hostinger.com</hostname></host><host><ip>34.192.233.193</ip><hostname>post.hostinger.com</hostname></host><host><ip>2.57.90.58</ip><hostname>clcp.hostinger.com</hostname></host><host><ip>77.94.164.71</ip><hostname>connect.hostinger.com</hostname></host><host><ip>2600:1901:0:5a5::</ip><hostname>imap-mpa.hostinger.com</hostname></host><host><ip>31.220.110.25</ip><hostname>server28.hostinger.com</hostname></host><host><ip>2a02:4780::d</ip><hostname>autoconfig.MAiL.hostinger.com</hostname></host><host><ip>94.243.128.10</ip><hostname>autodiscover.mail.hostinger.com</hostname></host><host><ip>srv83.main-hosting.eu</ip><hostname>auth-db83.hostinger.com</hostname></host><host><ip>81.26.129.23</ip><hostname>connect.hostinger.com</hostname></host><host><ip>d23m3gfadsrfw4.cloudfront.net</ip><hostname>marketing.hostinger.com</hostname></host><host><ip>whois.myorderbox.com.</ip><hostname>whois.hostinger.com</hostname></host><host><ip>feedback-smtp.us-east-1.amazonses.com</ip><hostname>post.hostinger.com</hostname></host><host><ip>93.174.131.38</ip><hostname>connect.hostinger.com</hostname></host><host><ip>153.92.2.19</ip><hostname>aUTOdIsCover.mail.hostinger.com</hostname></host><host><ip>162.159.27.81</ip><hostname>rdns1.hostinger.com</hostname></host><host><ip>srv300.main-hosting.eu</ip><hostname>auth-db300.hostinger.com</hostname></host><host><ip>35.201.91.50</ip><hostname>pop-mpa.hostinger.com</hostname></host><host><ip>d301w8ngbyrc4z.cloudfront.net</ip><hostname>flockcontacts.hostinger.com</hostname></host><host><ip>d2tlspd492hxye.cloudfront.net.</ip><hostname>www.flockmail.hostinger.com</hostname></host><host><ip>2606:4700:90:0:4bc4:2557:ca17:2529</ip><hostname>imap.hostinger.com</hostname></host><host><ip>cp.myorderbox.com</ip><hostname>autenticar.hostinger.com</hostname></host><host><ip>162.159.26.167</ip><hostname>rdns1.hostinger.com</hostname></host><host><ip>2600:1901:0:5a5::</ip><hostname>pop.hostinger.com</hostname></host><host><ip>2606:4700:90:0:f225:a1af:129b:4ba1</ip><hostname>smtp-msa.hostinger.com</hostname></host><host><ip>34.120.137.41</ip><hostname>connECT.hostinger.com</hostname></host><host><ip>2600:1901:0:84ef::</ip><hostname>cONnECt.hostinger.com</hostname></host><host><ip>srv128.main-hosting.eu</ip><hostname>auth-db128.hostinger.com</hostname></host><host><ip>194.5.158.237</ip><hostname>ns3.hostinger.com</hostname></host><host><ip>feedback-smtp.us-east-1.amazonses.com.</ip><hostname>post.hostinger.com</hostname></host><host><ip>153.92.2.19</ip><hostname>autoDiScOVER.MaIl.hostinger.com</hostname></host><host><ip>94.243.128.10</ip><hostname>clcp.hostinger.com</hostname></host><host><ip>cp.myorderbox.com.</ip><hostname>autenticar.hostinger.com</hostname></host><host><ip>help.hostinger.com.cdn.cloudflare.net.</ip><hostname>help.hostinger.com</hostname></host><host><ip>2600:1901:0:84ef::</ip><hostname>cONnecT.hostinger.com</hostname></host><host><ip>srv240.main-hosting.eu</ip><hostname>auth-db240.hostinger.com</hostname></host><host><ip>srv260.main-hosting.eu</ip><hostname>auth-db260.hostinger.com</hostname></host><host><ip>2.57.90.97</ip><hostname>uk-files.hostinger.com</hostname></host><host><ip>80.249.178.190</ip><hostname>clcp.hostinger.com</hostname></host><host><ip>cp.myorderbox.com</ip><hostname>ovjeriti.hostinger.com</hostname></host><host><ip>stats.uptimerobot.com</ip><hostname>stats.hostinger.com</hostname></host><host><ip>153.92.2.19</ip><hostname>autodiscover.mAiL.hostinger.com</hostname></host><host><ip>cp.myorderbox.com</ip><hostname>autentificacion.hostinger.com</hostname></host><host><ip>145.14.155.4</ip><hostname>ns4.hostinger.com</hostname></host><host><ip>153.92.2.19</ip><hostname>auTODisCoVEr.maiL.hostinger.com</hostname></host><host><ip>2600:1901:0:84ef::</ip><hostname>coNNEcT.hostinger.com</hostname></host><host><ip>srv8.main-hosting.eu.</ip><hostname>db8.hostinger.com</hostname></host><host><ip>195.128.72.1</ip><hostname>connect.hostinger.com</hostname></host><host><ip>cp.myorderbox.com.</ip><hostname>dogrula.hostinger.com</hostname></host><host><ip>2.57.90.17</ip><hostname>uk-files.hostinger.com</hostname></host><host><ip>2a02:4780::d</ip><hostname>AUtoDISCOver.MaIl.hostinger.com</hostname></host><host><ip>2600:1901:0:84ef::</ip><hostname>cOnnECT.hostinger.com</hostname></host><host><ip>srv126.main-hosting.eu</ip><hostname>auth-db126.hostinger.com</hostname></host><host><ip>srv512.main-hosting.eu</ip><hostname>auth-db512.hostinger.com</hostname></host><host><ip>cp.myorderbox.com</ip><hostname>validera.hostinger.com</hostname></host><host><ip>srv138.main-hosting.eu.</ip><hostname>files138.hostinger.com</hostname></host><host><ip>31.220.110.46</ip><hostname>server13.hostinger.com</hostname></host><host><ip>cp-2.myorderbox.com</ip><hostname>validate12.hostinger.com</hostname></host><host><ip>2400:cb00:2049:1::a29f:1a76</ip><hostname>ns3.hostinger.com</hostname></host><host><ip>d358fu4p2u8z2a.cloudfront.net</ip><hostname>titancalendar.hostinger.com</hostname></host><host><ip>srv148.main-hosting.eu</ip><hostname>auth-db148.hostinger.com</hostname></host><host><ip>31.170.166.20</ip><hostname>server16.hostinger.com</hostname></host><host><ip>34.120.211.95</ip><hostname>mx2.hostinger.com</hostname></host><host><ip>153.92.2.19</ip><hostname>autodiscover.maIl.hostinger.com</hostname></host><host><ip>2a02:4780:a:3::a</ip><hostname>ns4.hostinger.com</hostname></host><host><ip>2a02:4780:8:6::42</ip><hostname>mx1.hostinger.com</hostname></host><host><ip>2600:1901:0:84ef::</ip><hostname>conNect.hostinger.com</hostname></host><host><ip>srv396.main-hosting.eu</ip><hostname>auth-db396.hostinger.com</hostname></host><host><ip>autodiscover.hostinger.com.cdn.cloudflare.net.</ip><hostname>autodiscover.hostinger.com</hostname></host><host><ip>hpanel.hostinger.com.cdn.cloudflare.net</ip><hostname>hpanel.hostinger.com</hostname></host><host><ip>d2tlspd492hxye.cloudfront.net</ip><hostname>flockmail.hostinger.com</hostname></host><host><ip>srv256.main-hosting.eu</ip><hostname>auth-db256.hostinger.com</hostname></host><host><ip>d358fu4p2u8z2a.cloudfront.net.</ip><hostname>www.titancalendar.hostinger.com</hostname></host><host><ip>162.159.24.189</ip><hostname>any1.hostinger.com</hostname></host><host><ip>srv494.main-hosting.eu</ip><hostname>auth-db494.hostinger.com</hostname></host><host><ip>153.92.2.19</ip><hostname>AUTocONFIg.mail.hostinger.com</hostname></host><host><ip>34.120.137.41</ip><hostname>CONNECt.hostinger.com</hostname></host><host><ip>185.28.20.7</ip><hostname>server41.hostinger.com</hostname></host><host><ip>2a02:4780::d</ip><hostname>autoCOnFiG.MAIL.hostinger.com</hostname></host><host><ip>4fd940b1a0064c72a7f19665a3b99c4f.pacloudflare.com</ip><hostname>whois.hostinger.com</hostname></host><host><ip>srv368.main-hosting.eu</ip><hostname>auth-db368.hostinger.com</hostname></host><host><ip>cp.myorderbox.com.</ip><hostname>validate.hostinger.com</hostname></host><host><ip>153.92.2.19</ip><hostname>autodiscover.mail.hostinger.com</hostname></host><host><ip>db5la265d8jk1.cloudfront.net</ip><hostname>www.titancontacts.hostinger.com</hostname></host><host><ip>srv401.main-hosting.eu</ip><hostname>auth-db401.hostinger.com</hostname></host><host><ip>2a02:4780:8:b::8e</ip><hostname>ns3.hostinger.com</hostname></host><host><ip>34.117.234.7</ip><hostname>smtp-msa.hostinger.com</hostname></host><host><ip>srv400.main-hosting.eu</ip><hostname>auth-db400.hostinger.com</hostname></host><host><ip>153.92.2.19</ip><hostname>autoCOnFiG.MAIL.hostinger.com</hostname></host><host><ip>185.224.136.20</ip><hostname>nl-files.hostinger.com</hostname></host><host><ip>93.184.164.162</ip><hostname>connect.hostinger.com</hostname></host><host><ip>2a02:4780::d</ip><hostname>AuTodISCOveR.MAIL.hostinger.com</hostname></host><host><ip>2400:cb00:2049:1::a29f:18bd</ip><hostname>any1.hostinger.com</hostname></host><host><ip>93.184.164.162</ip><hostname>autodiscover.mail.hostinger.com</hostname></host><host><ip>127.0.0.1</ip><hostname>academy.hostinger.com</hostname></host><host><ip>2600:1901:0:5a5::</ip><hostname>pop-mpa.hostinger.com</hostname></host><host><ip>104.18.113.100</ip><hostname>cpanel.hostinger.com</hostname></host><host><ip>2a02:4780:a:c0de::3f</ip><hostname>ns2.hostinger.com</hostname></host><host><ip>2a02:4780::d</ip><hostname>AUtoCoNfig.mail.hostinger.com</hostname></host><host><ip>153.92.2.19</ip><hostname>autodiscover.mAil.hostinger.com</hostname></host><host><ip>93.174.131.38</ip><hostname>pop.hostinger.com</hostname></host><host><ip>2a02:4780::d</ip><hostname>aUToDIsCovER.mAIL.hostinger.com</hostname></host><host><ip>db5la265d8jk1.cloudfront.net.</ip><hostname>titancontacts.hostinger.com</hostname></host><host><ip>srv207.main-hosting.eu</ip><hostname>auth-db207.hostinger.com</hostname></host><host><ip>31.170.163.241</ip><hostname>ns1.hostinger.com</hostname></host><host><ip>153.92.2.19</ip><hostname>AUToDIscOver.mail.hostinger.com</hostname></host><host><ip>153.92.2.19</ip><hostname>autodiscover.MAil.hostinger.com</hostname></host><host><ip>smtpin-sp.hostinger.com.cdn.cloudflare.net.</ip><hostname>mx1.hostinger.com</hostname></host><host><ip>cp.myorderbox.com</ip><hostname>validate.hostinger.com</hostname></host><host><ip>153.92.2.12</ip><hostname>files.hostinger.com</hostname></host><host><ip>31.220.110.132</ip><hostname>server51.hostinger.com</hostname></host><host><ip>2a02:4780::d</ip><hostname>AUTocONFIg.mail.hostinger.com</hostname></host><host><ip>api.elasticemail.com</ip><hostname>tracking.hostinger.com</hostname></host><host><ip>autoconfig.hostinger.com.cdn.cloudflare.net.</ip><hostname>auToConfIG.hostinger.com</hostname></host><host><ip>pop-mpa.hostinger.com</ip><hostname>pop.hostinger.com</hostname></host><host><ip>cp.myorderbox.com.</ip><hostname>validate2.hostinger.com</hostname></host><host><ip>34.120.137.41</ip><hostname>CONnecT.hostinger.com</hostname></host><host>auth-db191.hostinger.com</host><host>flockcontacts.hostinger.com</host><host>roadmap.hostinger.com</host><host>se.account.hostinger.com</host><host>assets.hostinger.com</host><host>www.titanmail.hostinger.com</host><host>support.hostinger.com</host><host>titancontacts.hostinger.com</host><host>hostmaster.hostinger.com</host><host>websites-api.hostinger.com</host><host>cart.hostinger.com</host><host>www.titancalendar.hostinger.com</host><host>www.flockmail.hostinger.com</host><host>ns1.hostinger.com</host><host>affs-stats.hostinger.com</host><host>frontend-event-api.hostinger.com</host><host>mailstorage-test.hostinger.com</host><host>pop-mpa.hostinger.com</host><host>logo.hostinger.com</host><host>d.account.hostinger.com</host><host>smtp.hostinger.com</host><host>mx1.hostinger.com</host><host>builder.hostinger.com</host><host>flockmail.hostinger.com</host><host>smtp-msa.hostinger.com</host><host>stats.hostinger.com</host><host>ns3.hostinger.com</host><host>d.email.hostinger.com</host><host>titancalendar.hostinger.com</host><host>ambassador.hostinger.com</host><host>mx2.hostinger.com</host><host>cdn.hostinger.com</host><host>titanmail.hostinger.com</host><host>design.hostinger.com</host><host>autoconfig.mail.hostinger.com</host><host>dns.hostinger.com</host><host>www.hostinger.com</host><host>www.titancontacts.hostinger.com</host><host>ns4.hostinger.com</host><host>imapproxy-test.hostinger.com</host><host>auth-db247.hostinger.com</host><host>auth-db196.hostinger.com</host><host>autenticar.hostinger.com</host><host>www.flockcontacts.hostinger.com</host><host>mail.hostinger.com</host><host>imap.hostinger.com</host><host>files162.hostinger.com</host><host>auth.hostinger.com</host><host>e.account.hostinger.com</host><host>autodiscover.mail.hostinger.com</host><host>validate12.hostinger.com</host><host>cpanel.hostinger.com</host><host>validate9.hostinger.com</host><host>imap-mpa.hostinger.com</host><host>affiliates.hostinger.com</host><host>ns2.hostinger.com</host><host>clcp.hostinger.com</host><host>connect.hostinger.com</host><host>auth-db506.hostinger.com</host><host>hpanel.hostinger.com</host><host>uk-files.hostinger.com</host><host>auth-db356.hostinger.com</host><host>flockcontacts.hostinger.com</host><host>server20.hostinger.com</host><host>srv753.hostinger.com</host><host>validera.hostinger.com</host><host>files63.hostinger.com</host><host>mx4.hostinger.com</host><host>auth-db190.hostinger.com</host><host>autentificar.hostinger.com</host><host>rest-hosting.hostinger.com</host><host>server8.hostinger.com</host><host>mailstorage-test.hostinger.com</host><host>server99.hostinger.com</host><host>builder.hostinger.com</host><host>srv877.hostinger.com</host><host>auth-db259.hostinger.com</host><host>pop.hostinger.com</host><host>validate2.hostinger.com</host><host>auth-db135.hostinger.com</host><host>server63.hostinger.com</host><host>cdn.hostinger.com</host><host>auth-db242.hostinger.com</host><host>mx3.hostinger.com</host><host>hs1.hostinger.com</host><host>mehvar.hostinger.com</host><host>ns16.hostinger.com</host><host>bl4ck.hostinger.com</host><host>files162.hostinger.com</host><host>api.hostinger.com</host><host>ns01.hostinger.com</host><host>e.account.hostinger.com</host><host>validasikan.hostinger.com</host><host>validate4.hostinger.com</host><host>autodiscover.hostinger.com</host><host>valider.hostinger.com</host><host>validieren.hostinger.com</host><host>validate6.hostinger.com</host><host>bekraeft.hostinger.com</host><host>apstiprina.hostinger.com</host><host>auth-db195.hostinger.com</host><host>validate.hostinger.com</host><host>sso.hostinger.com</host><host>rdns1.hostinger.com</host><host>validate11.hostinger.com</host><host>affiliates.hostinger.com</host><host>serevr.hostinger.com</host><host>server16.hostinger.com</host><host>xmexxx.hostinger.com</host><host>nl-files.hostinger.com</host><host>server15.hostinger.com</host><host>autoconfig.hostinger.com</host><host>connect.hostinger.com</host><host>server40.hostinger.com</host><host>whois.hostinger.com</host><host>help.hostinger.com</host><host>auth-db44.hostinger.com</host><host>hs4.hostinger.com</host><host>roadmap.hostinger.com</host><host>auth-db152.hostinger.com</host><host>se.account.hostinger.com</host><host>rdns2.hostinger.com</host><host>auth-db393.hostinger.com</host><host>cart.hostinger.com</host><host>ns1.tpt.hostinger.com</host><host>pop-mpa.hostinger.com</host><host>validate1.hostinger.com</host><host>status.hostinger.com</host><host>verifikatsiya.hostinger.com</host><host>tracking.hostinger.com</host><host>sql111.hostinger.com</host><host>auth-db401.hostinger.com</host><host>mx1.hostinger.com</host><host>auth-db177.hostinger.com</host><host>valideren.hostinger.com</host><host>auth-db145.hostinger.com</host><host>aamer.hostinger.com</host><host>validaciya.hostinger.com</host><host>files136.hostinger.com</host><host>statuspage.hostinger.com</host><host>files174.hostinger.com</host><host>server248.hostinger.com</host><host>e.email.hostinger.com</host><host>ambassador.hostinger.com</host><host>auth-db204.hostinger.com</host><host>ns17.hostinger.com</host><host>mobileconfig.mail.hostinger.com</host><host>validate8.hostinger.com</host><host>auth-db143.hostinger.com</host><host>mail.hostinger.com</host><host>auth-db482.hostinger.com</host><host>files127.hostinger.com</host><host>server42.hostinger.com</host><host>imap.hostinger.com</host><host>auth-db142.hostinger.com</host><host>validate3.hostinger.com</host><host>auth-db396.hostinger.com</host><host>cpanel.hostinger.com</host><host>validate12.hostinger.com</host><host>mailer.hostinger.com</host><host>filemanager.hostinger.com</host><host>ns2.hostinger.com</host><host>server189.hostinger.com</host><host>auth-db83.hostinger.com</host><host>files64.hostinger.com</host><host>validate7.hostinger.com</host><host>hpanel.hostinger.com</host><host>auth-db210.hostinger.com</host><host>uk-files.hostinger.com</host><host>auth-db300.hostinger.com</host><host>validate5.hostinger.com</host><host>se.email.hostinger.com</host><host>titancontacts.hostinger.com</host><host>auth-db151.hostinger.com</host><host>any1.hostinger.com</host><host>auth-db111.hostinger.com</host><host>affs-stats.hostinger.com</host><host>auth-db126.hostinger.com</host><host>auth-db127.hostinger.com</host><host>auth-db186.hostinger.com</host><host>auth-db368.hostinger.com</host><host>marketing.hostinger.com</host><host>post.hostinger.com</host><host>ns325.hostinger.com</host><host>auth-db95.hostinger.com</host><host>ec2-54-243-154-49.hostinger.com</host><host>d.account.hostinger.com</host><host>db8.hostinger.com</host><host>auth-db447.hostinger.com</host><host>us-files.hostinger.com</host><host>server28.hostinger.com</host><host>file-manager.hostinger.com</host><host>ovjeriti.hostinger.com</host><host>smtp-msa.hostinger.com</host><host>stats.hostinger.com</host><host>ns3.hostinger.com</host><host>validare.hostinger.com</host><host>auth-db128.hostinger.com</host><host>phpmyadmin.hostinger.com</host><host>d.email.hostinger.com</host><host>auth-db308.hostinger.com</host><host>server51.hostinger.com</host><host>titancalendar.hostinger.com</host><host>auth-db256.hostinger.com</host><host>auth-db240.hostinger.com</host><host>webhooks.hostinger.com</host><host>dns2.hostinger.com</host><host>sahkan.hostinger.com</host><host>auth-db167.hostinger.com</host><host>validate10.hostinger.com</host><host>mx2.hostinger.com</host><host>auth-db209.hostinger.com</host><host>srv751.hostinger.com</host><host>design.hostinger.com</host><host>validere.hostinger.com</host><host>auth-db130.hostinger.com</host><host>files129.hostinger.com</host><host>potvrzeni.hostinger.com</host><host>vahvista.hostinger.com</host><host>ns4.hostinger.com</host><host>imapproxy-test.hostinger.com</host><host>auth-db207.hostinger.com</host><host>domains.hostinger.com</host><host>auth-db196.hostinger.com</host><host>kontroll.hostinger.com</host><host>autenticacion.hostinger.com</host><host>auth.hostinger.com</host><host>srv939.hostinger.com</host><host>auth-db77.hostinger.com</host><host>auth-db260.hostinger.com</host><host>autodiscover.mail.hostinger.com</host><host>flockcalendar.hostinger.com</host><host>autentificacion.hostinger.com</host><host>validate9.hostinger.com</host><host>spf.mx.hostinger.com</host><host>aktivalas.hostinger.com</host><host>auth-db217.hostinger.com</host><host>patvirtinti.hostinger.com</host><host>zweryfikuj.hostinger.com</host><host>confirmar.hostinger.com</host><host>sg-files.hostinger.com</host><host>auth-db191.hostinger.com</host><host>server41.hostinger.com</host><host>assets.hostinger.com</host><host>server14.hostinger.com</host><host>webmail1.hostinger.com</host><host>support.hostinger.com</host><host>dns1.hostinger.com</host><host>validar.hostinger.com</host><host>websites-api.hostinger.com</host><host>lt-files.hostinger.com</host><host>ns1.hostinger.com</host><host>convalida.hostinger.com</host><host>smtpin-sp.hostinger.com</host><host>potvrdit.hostinger.com</host><host>server13.hostinger.com</host><host>auth-db148.hostinger.com</host><host>hs2.hostinger.com</host><host>smtp.hostinger.com</host><host>flockmail.hostinger.com</host><host>payments.hostinger.com</host><host>ns326.hostinger.com</host><host>auth-db494.hostinger.com</host><host>hs3.hostinger.com</host><host>auth-db173.hostinger.com</host><host>webmail.hostinger.com</host><host>files137.hostinger.com</host><host>autoconfig.mail.hostinger.com</host><host>server98.hostinger.com</host><host>auth-db276.hostinger.com</host><host>academy.hostinger.com</host><host>ns02.hostinger.com</host><host>dns.hostinger.com</host><host>auth-db250.hostinger.com</host><host>titanmail.hostinger.com</host><host>sql4.hostinger.com</host><host>files138.hostinger.com</host><host>srv807.hostinger.com</host><host>auth-db247.hostinger.com</host><host>rotten.hostinger.com</host><host>autenticar.hostinger.com</host><host>any2.hostinger.com</host><host>server7.hostinger.com</host><host>auth-db326.hostinger.com</host><host>ping.bnk.hostinger.com</host><host>epikurwsi.hostinger.com</host><host>imap-mpa.hostinger.com</host><host>auth-db400.hostinger.com</host><host>auth-db512.hostinger.com</host><host>files.hostinger.com</host><host>clcp.hostinger.com</host><host>auth-db336.hostinger.com</host><host>dogrula.hostinger.com</host><host>auth-db506.hostinger.com</host><host>mx.hostinger.com</host><host>www.hostinger.com</host><host>mx1.hostinger.com</host><host>hpanel.hostinger.com</host><host>support.hostinger.com</host><host>mail.hostinger.com</host><host>auth.hostinger.com</host><host>mx2.hostinger.com</host></theHarvester>